{
  "model_id": 93,
  "total_score": 6.073858864311486,
  "s_diff": {
    "onnxruntime": 0.0035430149066768336,
    "torchscript": 0.0001898058572515628,
    "torch_compile": 1.0,
    "xla": 0.013718723583651275,
    "tvm": 0.013718723583651275,
    "tensorflow": 0.012414194759112962,
    "tflite": 1.0,
    "openvino": 1.0
  },
  "delta_opt": {
    "onnxruntime": 0.010521600497490676,
    "torchscript": 0.0001898058572515628,
    "torch_compile": 1.0,
    "xla": 0.00032735661816980734,
    "tvm": 0.00032735661816980734,
    "tensorflow": 0.01890828203005929,
    "tflite": 1.0,
    "openvino": 1.0
  },
  "crashes": [],
  "errors": {},
  "pattern_sequence": [
    [
      "branch",
      "aspp_dilated_branch"
    ],
    [
      "constant",
      "sqrt_reciprocal_mul"
    ],
    [
      "layout",
      "double_transpose"
    ],
    [
      "normalization",
      "stable_softmax"
    ],
    [
      "normalization",
      "variance_whitening"
    ],
    [
      "fusion",
      "conv_relu_conv_bn"
    ]
  ],
  "input_shape": [
    1,
    128,
    32,
    32
  ]
}