{
  "model_id": 73,
  "total_score": 3.459868092606689,
  "s_diff": {
    "onnxruntime": 0.0,
    "torchscript": 0.07029439742427379,
    "torch_compile": 0.21983201522570445,
    "xla": 0.2198355695602316,
    "tvm": 0.2198355695602316,
    "tensorflow": 0.2198355695602316,
    "tflite": 0.21983222253733073,
    "openvino": 1.0
  },
  "delta_opt": {
    "onnxruntime": 0.0,
    "torchscript": 0.07029439742427379,
    "torch_compile": 0.21983201522570445,
    "xla": 9.475419936636589e-05,
    "tvm": 9.475419936636589e-05,
    "tensorflow": 8.682768997443665e-05,
    "tflite": 0.0,
    "openvino": 1.0
  },
  "crashes": [],
  "errors": {},
  "pattern_sequence": [
    [
      "constant",
      "constant_add_mul"
    ],
    [
      "broadcast",
      "euclidean_norm_broadcast"
    ],
    [
      "broadcast",
      "sub_mul_add"
    ],
    [
      "normalization",
      "variance_whitening"
    ],
    [
      "fusion",
      "conv_add_relu"
    ],
    [
      "constant",
      "cast_roundtrip"
    ]
  ],
  "input_shape": [
    1,
    3,
    32,
    32
  ]
}