{
  "model_id": 10,
  "total_score": 4.001305569360898,
  "s_diff": {
    "onnxruntime": 0.00013244489563145649,
    "torchscript": 0.00014096473070371668,
    "torch_compile": 0.00013117178655369015,
    "xla": 0.00011594380386957884,
    "tvm": 0.00011594380386957884,
    "tensorflow": 0.00011594380386957884,
    "tflite": 1.0,
    "openvino": 1.0
  },
  "delta_opt": {
    "onnxruntime": 0.00012367716768781444,
    "torchscript": 0.00014096473070371668,
    "torch_compile": 0.00014660498166983927,
    "xla": 1.661901151444786e-05,
    "tvm": 1.661901151444786e-05,
    "tensorflow": 0.00010867163330995307,
    "tflite": 1.0,
    "openvino": 1.0
  },
  "crashes": [],
  "errors": {},
  "pattern_sequence": [
    [
      "constant",
      "pow_canonical"
    ],
    [
      "broadcast",
      "swish"
    ],
    [
      "broadcast",
      "log_clamp"
    ],
    [
      "constant",
      "log_exp_cancel"
    ],
    [
      "constant",
      "transpose_inverse_cancel"
    ],
    [
      "fusion",
      "conv_bn_relu"
    ]
  ],
  "input_shape": [
    1,
    3,
    32,
    32
  ]
}