{
  "model_id": 64,
  "total_score": 4.326074758566663,
  "s_diff": {
    "onnxruntime": 0.00014267583965637718,
    "torchscript": 0.0,
    "torch_compile": 0.3255294447135285,
    "xla": 6.622711189259584e-05,
    "tvm": 6.622711189259584e-05,
    "tensorflow": 6.622711189259584e-05,
    "tflite": 1.0,
    "openvino": 1.0
  },
  "delta_opt": {
    "onnxruntime": 0.0,
    "torchscript": 0.0,
    "torch_compile": 5.516868072132226e-05,
    "xla": 0.0,
    "tvm": 0.0,
    "tensorflow": 0.0001487879970789292,
    "tflite": 1.0,
    "openvino": 1.0
  },
  "crashes": [],
  "errors": {},
  "pattern_sequence": [
    [
      "fusion",
      "conv_bn_elu"
    ],
    [
      "broadcast",
      "l2_norm"
    ],
    [
      "broadcast",
      "hard_clamp_norm"
    ],
    [
      "broadcast",
      "floor_ceil_round"
    ],
    [
      "branch",
      "fpn_branch"
    ],
    [
      "broadcast",
      "cumsum"
    ]
  ],
  "input_shape": [
    1,
    3,
    32,
    32
  ]
}