{
  "model_id": 14,
  "total_score": 4.007012832129825,
  "s_diff": {
    "onnxruntime": 0.0009432995386295102,
    "torchscript": 0.0,
    "torch_compile": 0.00127987248538816,
    "xla": 0.0009107455056930562,
    "tvm": 0.0009107455056930562,
    "tensorflow": 0.0009107455056930562,
    "tflite": 1.0,
    "openvino": 1.0
  },
  "delta_opt": {
    "onnxruntime": 0.0,
    "torchscript": 0.0,
    "torch_compile": 0.0005885213938854161,
    "xla": 0.0003374512725957485,
    "tvm": 0.0003374512725957485,
    "tensorflow": 0.0007939996496512998,
    "tflite": 1.0,
    "openvino": 1.0
  },
  "crashes": [],
  "errors": {},
  "pattern_sequence": [
    [
      "layout",
      "squeeze_unsqueeze"
    ],
    [
      "normalization",
      "l2_normalize"
    ],
    [
      "layout",
      "squeeze_unsqueeze"
    ],
    [
      "attention",
      "self_attention_residual"
    ],
    [
      "constant",
      "sqrt_reciprocal_mul"
    ],
    [
      "layout",
      "squeeze_unsqueeze"
    ]
  ],
  "input_shape": [
    1,
    64,
    64
  ]
}