{
  "model_id": 55,
  "total_score": 2.8145750020850797,
  "s_diff": {
    "onnxruntime": 5.129262082072167e-05,
    "torchscript": 0.0,
    "torch_compile": 4.668110121181119e-05,
    "xla": 2.7152130849899428e-05,
    "tvm": 2.7152130849899428e-05,
    "tensorflow": 2.7152130849899428e-05,
    "tflite": 1.0,
    "openvino": 0.40713570901027135
  },
  "delta_opt": {
    "onnxruntime": 0.0,
    "torchscript": 0.0,
    "torch_compile": 3.750154702083435e-05,
    "xla": 2.4262636794184277e-05,
    "tvm": 2.4262636794184277e-05,
    "tensorflow": 3.646318271469983e-05,
    "tflite": 1.0,
    "openvino": 0.4071373729569022
  },
  "crashes": [],
  "errors": {},
  "pattern_sequence": [
    [
      "broadcast",
      "sqrt_div_rms"
    ],
    [
      "attention",
      "self_attention_residual"
    ],
    [
      "branch",
      "residual_add_relu"
    ],
    [
      "broadcast",
      "cumsum"
    ],
    [
      "branch",
      "residual_add_relu"
    ],
    [
      "constant",
      "log_exp_cancel"
    ]
  ],
  "input_shape": [
    1,
    64,
    128
  ]
}