{
  "model_id": 16,
  "total_score": 3.3214906045414243,
  "s_diff": {
    "onnxruntime": 0.00010398931756869635,
    "torchscript": 8.587639268093988e-05,
    "torch_compile": 0.06143436067141918,
    "xla": 0.00012333773398424779,
    "tvm": 0.00012333773398424779,
    "tensorflow": 9.565008352239462e-05,
    "tflite": 1.0,
    "openvino": 0.629416896516902
  },
  "delta_opt": {
    "onnxruntime": 0.00010327833459536461,
    "torchscript": 8.587639268093988e-05,
    "torch_compile": 0.00019945131723536437,
    "xla": 7.812031170970047e-05,
    "tvm": 7.812031170970047e-05,
    "tensorflow": 0.0001420805819807382,
    "tflite": 1.0,
    "openvino": 0.6294202288414507
  },
  "crashes": [],
  "errors": {},
  "pattern_sequence": [
    [
      "broadcast",
      "l2_norm"
    ],
    [
      "fusion",
      "conv_bn_leakyrelu"
    ],
    [
      "normalization",
      "batchnorm_eval"
    ],
    [
      "broadcast",
      "cumsum"
    ],
    [
      "constant",
      "transpose_inverse_cancel"
    ],
    [
      "constant",
      "div_by_constant"
    ]
  ],
  "input_shape": [
    1,
    64,
    16,
    16
  ]
}