{
  "model_id": 61,
  "total_score": 4.008932169595141,
  "s_diff": {
    "onnxruntime": 0.0011463580130773332,
    "torchscript": 0.0,
    "torch_compile": 0.0008652164586708736,
    "xla": 0.001094560176431983,
    "tvm": 0.001094560176431983,
    "tensorflow": 0.001094560176431983,
    "tflite": 1.0,
    "openvino": 1.0
  },
  "delta_opt": {
    "onnxruntime": 0.0009760641102049702,
    "torchscript": 0.0,
    "torch_compile": 0.0006564707608049969,
    "xla": 0.0006188019331426086,
    "tvm": 0.0006188019331426086,
    "tensorflow": 0.000766775856801263,
    "tflite": 1.0,
    "openvino": 1.0
  },
  "crashes": [],
  "errors": {},
  "pattern_sequence": [
    [
      "branch",
      "add_layernorm"
    ],
    [
      "normalization",
      "ada_layer_norm"
    ],
    [
      "normalization",
      "variance_whitening"
    ],
    [
      "attention",
      "scaled_dot_product_attention"
    ],
    [
      "layout",
      "squeeze_unsqueeze"
    ],
    [
      "constant",
      "slice_full_range"
    ]
  ],
  "input_shape": [
    1,
    64,
    256
  ]
}