{
  "model_id": 31,
  "total_score": 4.001748238086737,
  "s_diff": {
    "onnxruntime": 5.157779471252472e-05,
    "torchscript": 0.0,
    "torch_compile": 0.0006255889566356832,
    "xla": 0.00024454707549397654,
    "tvm": 0.00024454707549397654,
    "tensorflow": 0.00024454707549397654,
    "tflite": 1.0,
    "openvino": 1.0
  },
  "delta_opt": {
    "onnxruntime": 0.0,
    "torchscript": 0.0,
    "torch_compile": 5.204198285761675e-05,
    "xla": 2.047118492592584e-05,
    "tvm": 2.047118492592584e-05,
    "tensorflow": 0.00024444575619723334,
    "tflite": 1.0,
    "openvino": 1.0
  },
  "crashes": [],
  "errors": {},
  "pattern_sequence": [
    [
      "attention",
      "causal_masked_attention"
    ],
    [
      "layout",
      "squeeze_unsqueeze"
    ],
    [
      "broadcast",
      "clipped_affine"
    ],
    [
      "broadcast",
      "reciprocal_mul"
    ],
    [
      "layout",
      "squeeze_unsqueeze"
    ],
    [
      "layout",
      "squeeze_unsqueeze"
    ]
  ],
  "input_shape": [
    1,
    16,
    128
  ]
}