{
  "model_id": 80,
  "total_score": 0.05413748813821316,
  "s_diff": {
    "onnxruntime": 0.0025850901559851466,
    "torchscript": 0.0,
    "torch_compile": 0.0007643327475371239,
    "xla": 0.00448509387484742,
    "tvm": 0.00448509387484742,
    "tensorflow": 0.00448509387484742,
    "tflite": 0.0006785115040672028,
    "openvino": 0.0007236484347674137
  },
  "delta_opt": {
    "onnxruntime": 0.0,
    "torchscript": 0.0,
    "torch_compile": 0.000775658942782423,
    "xla": 0.014973263884658916,
    "tvm": 0.014973263884658916,
    "tensorflow": 0.0052084369592137495,
    "tflite": 0.0,
    "openvino": 0.0
  },
  "crashes": [],
  "errors": {},
  "pattern_sequence": [
    [
      "broadcast",
      "log_clamp"
    ],
    [
      "broadcast",
      "swish"
    ],
    [
      "normalization",
      "instancenorm_relu"
    ],
    [
      "layout",
      "squeeze_unsqueeze"
    ],
    [
      "normalization",
      "l2_normalize"
    ],
    [
      "broadcast",
      "logsumexp_step"
    ]
  ],
  "input_shape": [
    1,
    3,
    32,
    32
  ]
}