{
  "model_id": 27,
  "total_score": 4.002579619266794,
  "s_diff": {
    "onnxruntime": 0.00039623573617862527,
    "torchscript": 0.0,
    "torch_compile": 0.00026479971531995623,
    "xla": 0.0003831378773929809,
    "tvm": 0.0003831378773929809,
    "tensorflow": 0.0003831378773929809,
    "tflite": 1.0,
    "openvino": 1.0
  },
  "delta_opt": {
    "onnxruntime": 0.0,
    "torchscript": 0.0,
    "torch_compile": 0.00016192020789159076,
    "xla": 0.00020128027240434485,
    "tvm": 0.00020128027240434485,
    "tensorflow": 0.00020468943041626915,
    "tflite": 1.0,
    "openvino": 1.0
  },
  "crashes": [],
  "errors": {},
  "pattern_sequence": [
    [
      "layout",
      "squeeze_unsqueeze"
    ],
    [
      "broadcast",
      "clipped_affine"
    ],
    [
      "attention",
      "rotary_embedding_attention"
    ],
    [
      "constant",
      "log_exp_cancel"
    ],
    [
      "branch",
      "residual_add_relu"
    ],
    [
      "broadcast",
      "sub_mul_add"
    ]
  ],
  "input_shape": [
    1,
    64,
    256
  ]
}