{
  "model_id": 29,
  "total_score": 4.0036707122144986,
  "s_diff": {
    "onnxruntime": 0.0004192011358132849,
    "torchscript": 0.0,
    "torch_compile": 0.00041431267185425166,
    "xla": 0.00039566114471873944,
    "tvm": 0.00039566114471873944,
    "tensorflow": 0.00039566114471873944,
    "tflite": 1.0,
    "openvino": 1.0
  },
  "delta_opt": {
    "onnxruntime": 0.0003357499796890649,
    "torchscript": 0.0,
    "torch_compile": 0.0003307390663129092,
    "xla": 0.0003268621073230353,
    "tvm": 0.0003268621073230353,
    "tensorflow": 0.0003300017120271191,
    "tflite": 1.0,
    "openvino": 1.0
  },
  "crashes": [],
  "errors": {},
  "pattern_sequence": [
    [
      "broadcast",
      "cumsum"
    ],
    [
      "normalization",
      "variance_whitening"
    ],
    [
      "normalization",
      "l2_normalize"
    ],
    [
      "attention",
      "kv_cache_attention"
    ],
    [
      "branch",
      "add_layernorm"
    ],
    [
      "attention",
      "transformer_encoder_layer"
    ]
  ],
  "input_shape": [
    1,
    32,
    64
  ]
}