{
  "model_id": 17,
  "total_score": 5.049016864440498,
  "s_diff": {
    "onnxruntime": 0.0013556211396375097,
    "torchscript": 0.0012942717572620738,
    "torch_compile": 1.0,
    "xla": 0.0012677039900407827,
    "tvm": 0.0012677039900407827,
    "tensorflow": 0.001521356641161108,
    "tflite": 1.0,
    "openvino": 1.0
  },
  "delta_opt": {
    "onnxruntime": 0.0015650906060738852,
    "torchscript": 0.0012942717572620738,
    "torch_compile": 0.03814944342536277,
    "xla": 0.00031727541784046384,
    "tvm": 0.00031727541784046384,
    "tensorflow": 0.0006668502979758556,
    "tflite": 1.0,
    "openvino": 1.0
  },
  "crashes": [],
  "errors": {},
  "pattern_sequence": [
    [
      "fusion",
      "dilated_conv_bn_relu"
    ],
    [
      "fusion",
      "conv_bn_silu"
    ],
    [
      "normalization",
      "layernorm_relu"
    ],
    [
      "fusion",
      "conv_bn_silu"
    ],
    [
      "normalization",
      "batchnorm_relu6"
    ],
    [
      "broadcast",
      "log_clamp"
    ]
  ],
  "input_shape": [
    1,
    32,
    32,
    32
  ]
}