{
  "model_id": 23,
  "total_score": 4.552049388464685,
  "s_diff": {
    "onnxruntime": 0.00038944801018856785,
    "torchscript": 0.00038177449240114637,
    "torch_compile": 0.4539778100480132,
    "xla": 0.0005586917209006644,
    "tvm": 0.0005586917209006644,
    "tensorflow": 0.0004318807065975604,
    "tflite": 1.0,
    "openvino": 1.0
  },
  "delta_opt": {
    "onnxruntime": 0.0006636609356829301,
    "torchscript": 0.00038177449240114637,
    "torch_compile": 0.09308240891980327,
    "xla": 0.0003402612235784992,
    "tvm": 0.0003402612235784992,
    "tensorflow": 0.0009427249706380234,
    "tflite": 1.0,
    "openvino": 1.0
  },
  "crashes": [],
  "errors": {},
  "pattern_sequence": [
    [
      "normalization",
      "layernorm_temperature"
    ],
    [
      "fusion",
      "conv_relu_conv_bn"
    ],
    [
      "fusion",
      "conv_bn_relu6"
    ],
    [
      "normalization",
      "stable_softmax"
    ],
    [
      "layout",
      "transpose_conv_nhwc"
    ],
    [
      "constant",
      "learned_temperature_scale"
    ]
  ],
  "input_shape": [
    1,
    64,
    16,
    16
  ]
}