{
  "model_id": 71,
  "total_score": 4.001809604391113,
  "s_diff": {
    "onnxruntime": 7.759355892572038e-05,
    "torchscript": 0.0,
    "torch_compile": 0.0007048250057350604,
    "xla": 0.00015885921188813935,
    "tvm": 0.00015885921188813935,
    "tensorflow": 0.00015885921188813935,
    "tflite": 1.0,
    "openvino": 1.0
  },
  "delta_opt": {
    "onnxruntime": 0.0,
    "torchscript": 0.0,
    "torch_compile": 0.00013749976245151324,
    "xla": 0.00012616408488785568,
    "tvm": 0.00012616408488785568,
    "tensorflow": 0.00016078025856098126,
    "tflite": 1.0,
    "openvino": 1.0
  },
  "crashes": [],
  "errors": {},
  "pattern_sequence": [
    [
      "attention",
      "scaled_dot_product_attention"
    ],
    [
      "layout",
      "squeeze_unsqueeze"
    ],
    [
      "layout",
      "squeeze_unsqueeze"
    ],
    [
      "branch",
      "residual_add_relu"
    ],
    [
      "constant",
      "where_const_cond"
    ],
    [
      "layout",
      "squeeze_unsqueeze"
    ]
  ],
  "input_shape": [
    1,
    64,
    128
  ]
}