{
  "model_id": 5,
  "total_score": 4.0011563387075215,
  "s_diff": {
    "onnxruntime": 0.00019550447657689813,
    "torchscript": 0.0,
    "torch_compile": 0.00015707530566213445,
    "xla": 0.0001472395174572453,
    "tvm": 0.0001472395174572453,
    "tensorflow": 0.0001472395174572453,
    "tflite": 1.0,
    "openvino": 1.0
  },
  "delta_opt": {
    "onnxruntime": 0.0,
    "torchscript": 0.0,
    "torch_compile": 8.749200105669317e-05,
    "xla": 5.112613273102959e-05,
    "tvm": 5.112613273102959e-05,
    "tensorflow": 0.0001722961063918297,
    "tflite": 1.0,
    "openvino": 1.0
  },
  "crashes": [],
  "errors": {},
  "pattern_sequence": [
    [
      "branch",
      "residual_add_relu"
    ],
    [
      "attention",
      "self_attention_residual"
    ],
    [
      "normalization",
      "variance_whitening"
    ],
    [
      "layout",
      "squeeze_unsqueeze"
    ],
    [
      "layout",
      "squeeze_unsqueeze"
    ],
    [
      "branch",
      "add_layernorm"
    ]
  ],
  "input_shape": [
    1,
    32,
    256
  ]
}