{
  "model_id": 12,
  "total_score": 4.002511890183648,
  "s_diff": {
    "onnxruntime": 0.00036782269805356527,
    "torchscript": 0.0,
    "torch_compile": 0.00035113887658855557,
    "xla": 0.00039422476422905513,
    "tvm": 0.00039422476422905513,
    "tensorflow": 0.00039422476422905513,
    "tflite": 1.0,
    "openvino": 1.0
  },
  "delta_opt": {
    "onnxruntime": 0.0,
    "torchscript": 0.0,
    "torch_compile": 0.0,
    "xla": 0.00011626337290476372,
    "tvm": 0.00011626337290476372,
    "tensorflow": 0.00037772757050869813,
    "tflite": 1.0,
    "openvino": 1.0
  },
  "crashes": [],
  "errors": {},
  "pattern_sequence": [
    [
      "branch",
      "add_layernorm"
    ],
    [
      "attention",
      "kv_cache_attention"
    ],
    [
      "branch",
      "glu"
    ],
    [
      "normalization",
      "layernorm_relu"
    ],
    [
      "attention",
      "kv_cache_attention"
    ],
    [
      "layout",
      "squeeze_unsqueeze"
    ]
  ],
  "input_shape": [
    1,
    32,
    64
  ]
}