{
  "model_id": 447,
  "total_score": 1.0,
  "n_valid_comparisons": 0,
  "s_diff": {
    "openvino": 1.0,
    "onnxruntime": 1.0,
    "tvm": 1.0,
    "tflite": 1.0,
    "xla": 1.0
  },
  "delta_opt": {},
  "noopt_valid": {},
  "crashes": [],
  "crash_info": {},
  "crash_counts": {
    "frontend": 0,
    "backend": 0
  },
  "errors": {},
  "pattern_sequence": [
    [
      "layout",
      "topk_last_axis_k1"
    ],
    [
      "constant",
      "cumsum_normalize"
    ],
    [
      "layout",
      "gather_layernorm"
    ],
    [
      "fusion",
      "matmul_bias_gelu"
    ],
    [
      "broadcast",
      "where_mask"
    ]
  ],
  "input_shape": [
    1,
    128
  ],
  "bug_inputs": {
    "model_input": [
      -2.674957752227783,
      -2.2415308952331543,
      1.2461352348327637,
      0.49398428201675415,
      -1.9534052610397339,
      -2.4526450634002686,
      -1.5427913665771484,
      0.46716418862342834,
      -2.305737018585205,
      3.7828385829925537,
      -1.0034573078155518,
      3.0382070541381836,
      -1.6688721179962158,
      -1.2544294595718384,
      -2.3264122009277344,
      -0.3707605302333832,
      0.6510215997695923,
      0.49398326873779297,
      2.859724521636963,
      1.7477259635925293,
      -2.2330446243286133,
      2.687351703643799,
      -0.02181173488497734,
      0.7211589217185974,
      -0.2579297423362732,
      3.6450083255767822,
      0.15881551802158356,
      2.0462186336517334,
      3.016021966934204,
      0.5518298745155334,
      1.5057637691497803,
      -0.32863369584083557,
      -1.5509072542190552,
      -1.5226157903671265,
      0.9573759436607361,
      -0.07319636642932892,
      1.5050419569015503,
      0.025524377822875977,
      -1.366923213005066,
      1.430665373802185,
      0.46951937675476074,
      1.2956042289733887,
      4.94884729385376,
      3.1548001766204834,
      1.500796914100647,
      -1.445949912071228,
      -1.4498119354248047,
      4.51602029800415,
      0.47150686383247375,
      2.408060312271118,
      0.2045450657606125,
      0.35339415073394775,
      1.965425968170166,
      0.23179998993873596,
      1.6991242170333862,
      -0.43489524722099304,
      5.188029766082764,
      1.1322574615478516,
      -4.586497783660889,
      0.7118789553642273,
      -1.0034518241882324,
      -0.9035711288452148,
      3.7040443420410156,
      1.1234313249588013,
      0.0027134232223033905,
      4.768259048461914,
      3.984395742416382,
      -1.5221450328826904,
      2.1966726779937744,
      0.7904552817344666,
      1.9107187986373901,
      -0.1459653079509735,
      -2.937493085861206,
      0.14263346791267395,
      1.392940878868103,
      0.49424228072166443,
      2.53247332572937,
      -2.6592912673950195,
      -2.4326038360595703,
      -0.8735238909721375,
      2.0444796085357666,
      -1.1723034381866455,
      -1.4349770545959473,
      -2.13812518119812,
      2.547304630279541,
      -0.6389793157577515,
      -0.9040501713752747,
      -0.41288068890571594,
      -0.32564687728881836,
      -1.7277088165283203,
      2.497533082962036,
      -0.6678833365440369,
      -2.138493061065674,
      5.766433238983154,
      -1.7166330814361572,
      0.031522396951913834,
      1.2270395755767822,
      -0.5497758984565735,
      1.8010369539260864,
      -1.2979650497436523,
      2.20192289352417,
      2.2369582653045654,
      -1.0631210803985596,
      0.19663763046264648,
      2.5520644187927246,
      -0.9785934686660767,
      -2.96584153175354,
      2.415598154067993,
      1.4175143241882324,
      1.527831792831421,
      -3.2528178691864014,
      0.6787013411521912,
      -1.4421154260635376,
      -1.6321512460708618,
      3.314871072769165,
      -0.8110307455062866,
      2.8208601474761963,
      2.5129458904266357,
      1.2039430141448975,
      -2.1926960945129395,
      -0.05281976982951164,
      1.8426183462142944,
      -1.974130630493164,
      1.4509137868881226,
      -0.7719159722328186,
      1.5243080854415894,
      -1.8073148727416992,
      -3.600996494293213
    ]
  },
  "expected_outputs": {
    "__cross_max__": [
      0.2921639084815979,
      0.0,
      0.5392850041389465,
      0.7310137152671814,
      0.015290665440261364,
      0.0,
      0.0,
      0.0,
      0.09120822697877884,
      0.0,
      0.5950781106948853,
      1.1239274740219116,
      1.5612279176712036,
      0.22858713567256927,
      0.0,
      0.4972851574420929,
      1.6384938955307007,
      1.212896466255188,
      0.0,
      0.658950686454773,
      0.0,
      0.07204128056764603,
      0.0,
      0.0,
      0.2220364362001419,
      0.7426682114601135,
      0.49918442964553833,
      0.0,
      0.0,
      0.0,
      0.44967707991600037,
      0.7016503214836121,
      0.17576660215854645,
      0.0,
      0.0,
      1.0281493663787842,
      0.0,
      0.0,
      0.012624203227460384,
      0.0,
      0.20017367601394653,
      0.5899458527565002,
      0.8352069854736328,
      0.0,
      0.0,
      0.7242937684059143,
      0.030226286500692368,
      0.12114666402339935,
      0.20519067347049713,
      0.0,
      0.8025292754173279,
      0.7585245370864868,
      0.21293823421001434,
      0.0,
      0.0,
      0.0,
      0.0,
      0.0,
      0.0,
      0.0,
      2.572615385055542,
      0.0,
      0.0,
      2.16290283203125,
      0.0,
      0.0,
      0.966016948223114,
      0.1609542965888977,
      0.705424964427948,
      0.0,
      0.27093032002449036,
      0.0,
      0.5339362621307373,
      1.4509029388427734,
      0.0,
      0.5776404142379761,
      0.0,
      0.0,
      0.0,
      0.6218984723091125,
      0.0,
      0.0,
      0.0,
      0.06747176498174667,
      0.0,
      0.0,
      0.39151015877723694,
      0.0,
      0.010852444916963577,
      0.0,
      0.17735730111598969,
      0.0,
      0.0,
      0.00528692128136754,
      0.0,
      0.0,
      0.0,
      0.0,
      0.1196252778172493,
      0.0,
      0.331974059343338,
      0.0,
      0.0,
      0.15508441627025604,
      2.1298828125,
      0.023041315376758575,
      0.0,
      0.0,
      0.0,
      0.09869765490293503,
      0.6999478340148926,
      1.4439513683319092,
      0.0,
      0.16509376466274261,
      1.3569270372390747,
      0.0,
      0.6322305202484131,
      0.0,
      0.0,
      0.0,
      0.4153776466846466,
      0.0,
      0.575118362903595,
      0.0,
      0.0,
      0.0,
      0.0,
      0.0
    ]
  },
  "buggy_outputs": {}
}