{
  "model_id": 42,
  "total_score": 0.10722095835513187,
  "n_valid_comparisons": 0,
  "s_diff": {
    "openvino": 0.10722095835513187,
    "onnxruntime": 0.10722095835513187,
    "tvm": 0.10722095835513187,
    "torch_compile": 0.10722095835513187,
    "tflite": 0.10722095835513187,
    "xla": 0.10722095835513187
  },
  "delta_opt": {},
  "noopt_valid": {},
  "crashes": [],
  "crash_info": {},
  "crash_counts": {
    "frontend": 0,
    "backend": 0
  },
  "errors": {},
  "pattern_sequence": [
    [
      "layout",
      "topk_last_axis_k1"
    ],
    [
      "branch",
      "where_mask_fill"
    ],
    [
      "broadcast",
      "tanh_rescaled_to_sigmoid"
    ],
    [
      "layout",
      "gather_layernorm"
    ],
    [
      "branch",
      "gated_linear_branch"
    ]
  ],
  "input_shape": [
    1,
    128
  ],
  "bug_inputs": {
    "model_input": [
      0.05138343200087547,
      -0.5875534415245056,
      -1.2384369373321533,
      1.1213464736938477,
      -1.3180866241455078,
      1.274752140045166,
      1.8615487813949585,
      1.1695367097854614,
      -0.3464595079421997,
      -0.3968964219093323,
      -1.9731006622314453,
      -0.24579541385173798,
      -0.09976132959127426,
      -0.09845945239067078,
      -0.4322439730167389,
      1.7375832796096802,
      -0.13258105516433716,
      0.7612773776054382,
      -0.6261502504348755,
      0.5443164706230164,
      -0.6169909834861755,
      -0.701050341129303,
      -0.4873221516609192,
      0.9155710339546204,
      -0.392194926738739,
      0.5449790358543396,
      -0.07947254180908203,
      -0.44076281785964966,
      0.18335533142089844,
      0.507052481174469,
      0.21443234384059906,
      -0.6130967736244202,
      -2.128678321838379,
      0.2810705304145813,
      -0.07813546061515808,
      -1.7776893377304077,
      -0.6898603439331055,
      -1.204580545425415,
      -1.5433365106582642,
      0.7425339818000793,
      -1.2739006280899048,
      0.8258193731307983,
      0.491293340921402,
      -0.5163009166717529,
      1.0097205638885498,
      0.7469016313552856,
      0.5009605884552002,
      -0.41127339005470276,
      -0.6143361926078796,
      -1.6915732622146606,
      0.4643653333187103,
      0.36017224192619324,
      0.6825380921363831,
      -2.268712282180786,
      -0.4659130871295929,
      -1.0363202095031738,
      -0.3096235692501068,
      0.2827686369419098,
      1.375328779220581,
      -1.2600945234298706,
      0.16863109171390533,
      -0.7810531258583069,
      -0.6881312727928162,
      0.44705817103385925,
      -1.379744291305542,
      -0.9468371868133545,
      0.1927075982093811,
      -0.3209569454193115,
      1.224039077758789,
      0.636655330657959,
      0.9947124719619751,
      1.1628910303115845,
      -0.6505064368247986,
      -1.16920804977417,
      -1.6018952131271362,
      1.7398189306259155,
      -1.2053455114364624,
      0.4669516384601593,
      -0.12619639933109283,
      -0.7002816200256348,
      0.7132616639137268,
      -0.9905053973197937,
      0.31737053394317627,
      0.5252901315689087,
      0.3936147391796112,
      1.4038153886795044,
      0.3236481249332428,
      1.4573816061019897,
      0.8896785974502563,
      -0.36195918917655945,
      -1.0640482902526855,
      -0.24479475617408752,
      -2.4811623096466064,
      1.0060566663742065,
      0.6264449954032898,
      -0.5220444202423096,
      0.38106048107147217,
      -1.0743319988250732,
      -0.915221631526947,
      -0.9846785664558411,
      0.40287065505981445,
      1.3371171951293945,
      -2.3922348022460938,
      1.2725309133529663,
      -1.4325164556503296,
      -1.784921407699585,
      0.7495612502098083,
      0.38681846857070923,
      -0.2885802090167999,
      -0.06382864713668823,
      0.27537867426872253,
      -0.625817060470581,
      -0.09806425124406815,
      -0.12087392061948776,
      0.02504846081137657,
      -0.312029629945755,
      0.34993016719818115,
      0.3185150623321533,
      -0.7981061339378357,
      1.111726999282837,
      -0.8446627855300903,
      -0.4011201560497284,
      -1.5646051168441772,
      0.6657185554504395,
      0.030793631449341774,
      -1.1074758768081665,
      0.8990268111228943,
      -1.2147233486175537
    ]
  },
  "expected_outputs": {
    "__cross_max__": [
      0.16280925273895264,
      -0.26122748851776123,
      0.30230316519737244,
      -0.22515428066253662,
      0.1711072027683258,
      0.5610975623130798,
      -0.2777416706085205,
      0.1278945952653885,
      -0.2246253788471222,
      -0.26984044909477234,
      1.1973137855529785,
      -0.1124449372291565,
      0.34567275643348694,
      0.8621691465377808,
      -0.19558820128440857,
      1.1515551805496216,
      -0.26061564683914185,
      -0.2647169530391693,
      0.08518742024898529,
      0.027447497472167015,
      -0.10092289745807648,
      -0.11406426876783371,
      -0.17546463012695312,
      0.1934683620929718,
      0.5052627325057983,
      -0.25211843848228455,
      0.016524313017725945,
      -0.21031959354877472,
      -0.034182358533144,
      0.1673048883676529,
      2.2714407444000244,
      -0.23920954763889313,
      0.1016671285033226,
      0.28329432010650635,
      0.20414406061172485,
      0.27603527903556824,
      0.26256799697875977,
      -0.0328746922314167,
      -0.03409865126013756,
      -0.2781074047088623,
      0.18956170976161957,
      -0.09203509986400604,
      0.2586557865142822,
      -0.08826114982366562,
      0.4304453134536743,
      0.0918949693441391,
      0.975566029548645,
      0.5366867780685425,
      0.2246972620487213,
      1.686594843864441,
      1.0619421005249023,
      0.9339486360549927,
      -0.27101340889930725,
      -0.26642173528671265,
      0.06640597432851791,
      -0.13327719271183014,
      1.517437219619751,
      -0.12708480656147003,
      0.49934667348861694,
      -0.13123852014541626,
      -0.25141823291778564,
      0.15602417290210724,
      -0.2770605981349945,
      -0.271263986825943,
      -0.10917576402425766,
      0.18711794912815094,
      0.2341020107269287,
      -0.2518029510974884,
      -0.2711022198200226,
      0.40843501687049866,
      0.08113668113946915,
      0.26157549023628235,
      -0.15395887196063995,
      0.9711392521858215,
      -0.259952187538147,
      0.05315554141998291,
      -0.2723716199398041,
      0.2683248519897461,
      0.17610612511634827,
      0.09951350092887878,
      0.5216023921966553,
      0.11691145598888397,
      0.41455793380737305,
      -0.009029746055603027,
      0.7048026323318481,
      -0.26358598470687866,
      -0.26795873045921326,
      -0.16881459951400757,
      0.4340621531009674,
      0.02898366004228592,
      0.17792104184627533,
      0.5609365105628967,
      -0.2399810552597046,
      -0.2716856002807617,
      0.5393191576004028,
      -0.13971097767353058,
      -0.027489306405186653,
      -0.12426615506410599,
      0.03607993200421333,
      0.16918562352657318,
      -0.1188938170671463,
      -0.27254346013069153,
      0.8251396417617798,
      -0.1356993317604065,
      1.5184612274169922,
      -0.23387616872787476,
      -0.21587932109832764,
      -0.27686554193496704,
      1.238834261894226,
      0.7553682327270508,
      -0.23476022481918335,
      0.6526409983634949,
      0.3661882281303406,
      -0.07955212891101837,
      0.7351446151733398,
      0.4405744671821594,
      1.0021206140518188,
      -0.19434139132499695,
      0.62098628282547,
      0.21484576165676117,
      0.6509040594100952,
      0.3506898880004883,
      0.7335809469223022,
      0.3239116370677948,
      -0.26202502846717834,
      0.4441257417201996,
      -0.13932427763938904,
      1.3591176271438599
    ]
  },
  "buggy_outputs": {}
}